Offen,,Titel,Kategorie,Beschreibung,Institution&ast;,Erstgespräch
ja,,<a style='text-decoration: underline; line-height: 1.4;color: #222' href='https://daten.berlin.de/search/node/einschulbereiche' target='_blank'>Schuleinzugsgebiete</a>,"Bildung, Kultur und Sport","Die Flächen der Gebiete oder eine Liste von den Adressen, die zu jeder Schule gehören",Amt für Statistik Berlin-Brandenburg,
ja,,<a style='text-decoration: underline; line-height: 1.4;color: #222' href='https://daten.berlin.de/datensaetze/apothekenstandorte-wfs-58e80465' target='_blank'>Apotheken</a>,Gesundheit,Standorte aller Apotheken,SenASGIVA - LaGeSo,
ja,,<a style='text-decoration: underline; line-height: 1.4;color: #222' href='https://daten.berlin.de/datensaetze/simple_search_wwwberlindepolizeiserviceversammlungsbehoerdeversammlungenaufzuege' target='_blank'>Angemeldete Versammlungen (Demos)</a>,"Justiz, Rechtssystem und öffentliche Sicherheit","Eine Datenbank von angemeldeten Demos in Berlin mit Name der organisierenden Organization/Person, gemeldeten Zweck der Demo, gemeldeten Ort oder Route, Datum usw. ",Polizei Berlin,
ja,,<a style='text-decoration: underline; line-height: 1.4;color: #222' href='https://daten.berlin.de/datensaetze/fahrraddiebstahl-berlin' target='_blank'>Fahrraddiebstähle</a>,"Justiz, Rechtssystem und öffentliche Sicherheit",Angabe von genauen Standorten der Fahrraddiebstähle,Polizei Berlin,
ja,,<a style='text-decoration: underline; line-height: 1.4;color: #222' href='https://daten.berlin.de/search/node/unfälle' target='_blank'>Verkehrsunfälle</a>,"Justiz, Rechtssystem und öffentliche Sicherheit",Georeferenzierte Unfälle mit zusätzlichen Informationen zur Unfallursache und Angabe zu Personenschaden,Amt für Statistik Berlin-Brandenburg,
ja,,<a style='text-decoration: underline; line-height: 1.4;color: #222' href='https://daten.berlin.de/datensaetze/ordnungsamt-online' target='_blank'>Anliegenmanagement</a>,Regierung und öffentlicher Sektor,"Bürgerbriefe und -anträge mit Datum, Standort, Art der Bewschwerde, Status, usw.",SenInnSport - Landesamt für Bürger- und Ordnungsangelegenheiten (LABO),
ja,,<a style='text-decoration: underline; line-height: 1.4;color: #222' href='https://daten.berlin.de/datensaetze?q=wahlbezirke' target='_blank'>Wahlbezirke</a>,Regierung und öffentlicher Sektor,"Geodaten zu Wahlbezirken, Wahlkreisen und Wahllokalen",Amt für Statistik Berlin-Brandenburg,
ja,,<a style='text-decoration: underline; line-height: 1.4;color: #222' href='https://daten.berlin.de/search/node/wahl' target='_blank'>Wahlergebnisse</a>,Regierung und öffentlicher Sektor,"Wahlergebnisse und Wahlbeteiligung zu Europa-, Bundestags-, Landtags- und Kommunalwahlen",Amt für Statistik Berlin-Brandenburg,
ja,,<a style='text-decoration: underline; line-height: 1.4;color: #222' href='https://daten.berlin.de/datensaetze/baufertigstellungen-wms-c5495c42' target='_blank'>Baufertigstellungen</a>,Stadtentwicklung und Wohnen,"Baufertigstellungen von neuen Gebäuden, mit Angaben zu Standort, Gebäudeart, Baustoffart, usw. ",Amt für Statistik Berlin-Brandenburg,
ja,,<a style='text-decoration: underline; line-height: 1.4;color: #222' href='https://daten.berlin.de/datensaetze?q=Bodenrichtwerte&tags=Bodenrichtwertatlas&sort=score+desc%2C+metadata_modified+desc' target='_blank'>Bodenrichtwerte</a>,Stadtentwicklung und Wohnen,Daten aus dem Berlin Gutachterausschuss zu Bodenrichtwerten in der Stadt,SenSBW,
ja,,<a style='text-decoration: underline; line-height: 1.4;color: #222' href='https://daten.berlin.de/datensaetze/freiflachenentwicklung-umweltatlas-wfs-39cca5ea' target='_blank'>Brachflächen</a>,Stadtentwicklung und Wohnen,Standorte aller Brachflächen,SenSBW,
ja,,<a style='text-decoration: underline; line-height: 1.4;color: #222' href='https://daten.berlin.de/datensaetze/erhaltungsverordnungsgebiete-%C2%A7-172-baugb-wms' target='_blank'>Erhaltungsverordnungen (Milieuschutz)</a>,Stadtentwicklung und Wohnen,Flächengeometrien von Milieuschutzgebieten,SenSBW,
ja,,<a style='text-decoration: underline; line-height: 1.4;color: #222' href='https://daten.berlin.de/datensaetze/fl%C3%A4chennutzung-stadtstruktur-2015-und-versiegelung-2016-umweltatlas-wfs' target='_blank'>Flächennutzungen</a>,Stadtentwicklung und Wohnen,"Geodaten zur Flächennutzung nach Art der Nutzung (Wohnbaufläche, gewerbliche Baufläche, usw.)",SenSBW,
ja,,<a style='text-decoration: underline; line-height: 1.4;color: #222' href='https://daten.berlin.de/datensaetze/alkis-berlin-amtliches-liegenschaftskatasterinformationssystem' target='_blank'>Liegenschaftskataster</a>,Stadtentwicklung und Wohnen,Geodaten des amtlichen Liegenschaftskatasters mit Daten zu Grundstücken und Gebäuden,SenSBW,
ja,,<a style='text-decoration: underline; line-height: 1.4;color: #222' href='https://daten.berlin.de/datensaetze/lebensweltlich-orientierte-räume-lor-planungsräume-01012021-wfs' target='_blank'>Verwaltungsgebiete (administrative Gebietseinheiten)</a>,Stadtentwicklung und Wohnen,"Flächen der Stadtgebiete, Bezirke und Lebensweltlich orientierte Räume (LOR) von Berlin",Amt für Statistik Berlin-Brandenburg,
ja,,<a style='text-decoration: underline; line-height: 1.4;color: #222' href='https://daten.berlin.de/datensaetze/adressen-berlin-wfs-634ab8ba' target='_blank'>Adressen</a>,Stadtraum,Geodaten (Punktgeometrien) aller Adressen,Amt für Statistik Berlin-Brandenburg,
ja,,<a style='text-decoration: underline; line-height: 1.4;color: #222' href='https://daten.berlin.de/datensaetze/stra%C3%9Fenbefahrung-2014-fahrradst%C3%A4nder-wfs' target='_blank'>Fahrradstellplätze</a>,Stadtraum,Standorte alle Fahrradstellplätze,SenMVKU - Abteilung Mobilität,
ja,,<a style='text-decoration: underline; line-height: 1.4;color: #222' href='https://daten.berlin.de/datensaetze/gr%C3%BCnanlagenbestand-berlin-einschl-der-%C3%B6ffentlichen-spielpl%C3%A4tze-gr%C3%BCnanlagen-wfs' target='_blank'>Öffentliche Grünflächen und Spielplätze</a>,Stadtraum,"Alle öffentliche Grünflächen (Spielplätze, Parkanlagen, Ausgleichsflächen, Wälder, Urban Gardening, Kleingärten) als Flächengeometrien",SenMVKU - Abteilung Mobilität,
ja,,<a style='text-decoration: underline; line-height: 1.4;color: #222' href='https://daten.berlin.de/datensaetze/standorte-der-öffentlichen-toiletten' target='_blank'>Öffentliche Toiletten</a>,Stadtraum,Standorte aller öffentlichen Toiletten und Information zur Behindertengerechtigkeit.,SenMVKU - Abteilung Grundsatz,
ja,,<a style='text-decoration: underline; line-height: 1.4;color: #222' href='https://daten.berlin.de/search/node/abfallbehälter%20OR%20recycling-container' target='_blank'>Öffentliche Mülleimer und Wertstoffcontainer</a>,Stadtraum,"Standorte von öffentlichen Mülleimern und Wertstoff-Containern und Art des Wertstoffs (Altkleider, Glas, Altpapier, ...)",SenMVKU,
ja,,<a style='text-decoration: underline; line-height: 1.4;color: #222' href='https://daten.berlin.de/datensaetze/3d-geb%C3%A4udemodelle-im-level-detail-2-lod-2-atom' target='_blank'>Stadtmodell 3D</a>,Stadtraum,3D Geodaten zum Stadtplan,SenSBW,
ja,,<a style='text-decoration: underline; line-height: 1.4;color: #222' href='https://daten.berlin.de/datensaetze/karte-von-berlin-15000-k5-farbausgabe' target='_blank'>Stadtpläne</a>,Stadtraum,"Stadtkartenwerk, inklusive Eigenschaften wie Gebäudenumrisse, Straßen, Grenzen, usw.",Bezirksamt Friedrichshain-Kreuzberg,
ja,,<a style='text-decoration: underline; line-height: 1.4;color: #222' href='https://daten.berlin.de/datensaetze/detailnetz-stra%C3%9Fenabschnitte-wfs'' target='_blank'>Straßenverzeichnis</a>,Stadtraum,"Auskünfte aus dem öffentlichen Straßenverzeichnis (als Flächengeometrie) zu allen öffentlichen gewidmeten Straßen, inklusive Angaben wie Breite der Straße",SenMVKU - Abteilung Mobilität,
ja,,<a style='text-decoration: underline; line-height: 1.4;color: #222' href='https://www.vbb.de/vbb-services/api-open-data/aufzugsstoerungen-rss-feed/' target='_blank'>Aufzüge und Rolltreppen an Haltestellen</a>,Stadtraum,Liste der Aufzüge und der Aufzugsstörungen BVG,Verkehrsverbund Berlin-Brandenburg,
ja,,<a style='text-decoration: underline; line-height: 1.4;color: #222' href='https://daten.berlin.de/datensaetze/badegewasserqualitat-wfs-6ba85d36' target='_blank'>Badegewässer</a>,Umwelt,Wasserqualität-Indikatoren für Badegewässer,SenASGIVA - LaGeSo,
ja,,<a style='text-decoration: underline; line-height: 1.4;color: #222' href='https://daten.berlin.de/datensaetze/gewässerkundliche-messdaten' target='_blank'>Grundwasser Monitoring</a>,Umwelt,Ergebnisse der durchgeführten Grundwasseruntersuchungen,SenMVKU - Abteilung Integrativer Umweltschutz,
ja,,<a style='text-decoration: underline; line-height: 1.4;color: #222' href='https://daten.berlin.de/datensaetze?title=CO2&field_license_tid=All&field_publisher_tid=All&field_geo_granularity_tid=All&field_temporal_granularity_tid=All&field_geo_coverage_tid=All&state=open' target='_blank'>Klimabilanz</a>,Umwelt,"Angaben zu verschiedenen Energie-Indikatoren wie CO2 Gesamt, CO2 pro Kopf, Energie nach Bereichsverbrauch, usw.","SenASGIVA - Landesamt für Arbeitsschutz, Gesundheitsschutz und technische Sicherheit Berlin",
ja,,<a style='text-decoration: underline; line-height: 1.4;color: #222' href='https://daten.berlin.de/search/node/l%C3%A4rmkarte' target='_blank'>Lärm</a>,Umwelt,Lärmbelastung verschiedener Stadtteile,SenMVKU,
ja,,<a style='text-decoration: underline; line-height: 1.4;color: #222' href='https://daten.berlin.de/datensaetze/luftdaten-berlin' target='_blank'>Emissionskataster</a>,Umwelt,Aktuelle Messungen der Messestellen zu Luftschadstoffen in Berlin,SenMVKU,
ja,,<a style='text-decoration: underline; line-height: 1.4;color: #222' href='https://daten.berlin.de/datensaetze/solaranlagen-summe-der-st-anlagen-pro-postleitzahl-umweltatlas-wfs' target='_blank'>Solarenergie</a>,Umwelt,Potenziale für Solarenergie auf Dächern und registrierte Solarthermie- und Photovoltaikanlagen,SenWEB,
ja,,<a style='text-decoration: underline; line-height: 1.4;color: #222' href='https://fbinter.stadt-berlin.de/fb/index.jsp?loginkey=zoomStart&mapId=k_es_stwbg@senstadt' target='_blank'>Parkplätze</a>,Verkehr,"Standorte mit Bezeichnung der öffentlichen Parkplätze (PKW-, Motorrad-, Wohnmobil/Wohnwagen-, Busparkplätze und Behindertenparkplätze)","SenMVKU - Abteilung Umweltpolitik, Kreislaufwirtschaft und Imissionsschutz",
ja,,<a style='text-decoration: underline; line-height: 1.4;color: #222' href='https://daten.berlin.de/datensaetze/lichtsignalanlagen-wfs-2cbfacc6' target='_blank'>Ampelanlagen</a>,Verkehr,Standorte der Lichtsignalanlagen,SenMVKU - Abteilung Mobilität,
ja,,<a style='text-decoration: underline; line-height: 1.4;color: #222' href='https://daten.berlin.de/datensaetze/baustellen-sperrungen-und-sonstige-storungen-von-besonderem-verkehrlichem-interesse' target='_blank'>Baustellen</a>,Verkehr,"Termine für Baubeginn und Bauende für akutelle und geplante Vorhaben, sowie Geodaten zu den Standorten/Strecken der Baustellen",SenMVKU,
ja,,<a style='text-decoration: underline; line-height: 1.4;color: #222' href='https://daten.berlin.de/datensaetze/koordinaten-der-zugangsm%C3%B6glichkeiten-zu-stationen-0' target='_blank'>Haltestellen</a>,Verkehr,"Standorte Haltestellen und informationen zu Linien, die dort halten",Verkehrsverbund Berlin-Brandenburg,
ja,,<a style='text-decoration: underline; line-height: 1.4;color: #222' href='https://daten.berlin.de/datensaetze/radz%C3%A4hldaten-berlin' target='_blank'>Messstellen Fahrräder</a>,Verkehr,"An den Dauerzählstellen werden alle Fahrräder, welche die Erfassungsquerschnitte der Zählstellen überfahren, gezählt. (Stundenwerte)",SenMVKU - Abteilung Mobilität,
ja,,<a style='text-decoration: underline; line-height: 1.4;color: #222' href='https://daten.berlin.de/datensaetze/verkehrsdetektion-berlin-0' target='_blank'>Messstellen motorisierte Fahrzeuge</a>,Verkehr,Messergebnisse der Verkehrsdatenerfassungen motorisierter Fahrzeuge in einzelnen Straßen als Zeitreihen,SenMVKU - Abteilung Mobilität,
ja,,<a style='text-decoration: underline; line-height: 1.4;color: #222' href='https://daten.berlin.de/datensaetze/vbb-fahrplandaten-api' target='_blank'>ÖPNV Echtzeitfahrdaten</a>,Verkehr,Echtzeitdaten für die ÖPNV-Flotte des Verbundraums als standardisierter Datensatz,Verkehrsverbund Berlin-Brandenburg,
ja,,<a style='text-decoration: underline; line-height: 1.4;color: #222' href='https://daten.berlin.de/datensaetze/vbb-fahrplandaten-api' target='_blank'>ÖPNV Fahrplan</a>,Verkehr,Sollfahrplan für ÖPNV in Berlin,Verkehrsverbund Berlin-Brandenburg,
ja,,<a style='text-decoration: underline; line-height: 1.4;color: #222' href='https://daten.berlin.de/datensaetze/vbb-fahrplandaten-gtfs' target='_blank'>ÖPNV Liniennetz</a>,Verkehr,Das gesamte ÖPNV Liniennetz,Verkehrsverbund Berlin-Brandenburg,
ja,,<a style='text-decoration: underline; line-height: 1.4;color: #222' href='https://daten.berlin.de/datensaetze/parkraumbewirtschaftung-wfs' target='_blank'>Parkraum (Bewirtschaftung)</a>,Verkehr,"Informationen zu Preisen, Uhrzeiten, Zuständigkeit, Bewohnerparken und Flächengeometrien","SenMVKU - Abteilung Umweltpolitik, Kreislaufwirtschaft und Imissionsschutz",
ja,,<a style='text-decoration: underline; line-height: 1.4;color: #222' href='https://daten.berlin.de/datensaetze?q=beteiligungsdatenbank' target='_blank'>Beteiligungen der Stadt</a>,Wirtschaft und Finanzen,"Städtischen Beteiligungsgesellschaften, Eigenbetriebe und eigenbetriebsähnlichen Einrichtungen",SenFin,
ja,,<a style='text-decoration: underline; line-height: 1.4;color: #222' href='https://daten.berlin.de/search/node/haushaltsplan%20berlin' target='_blank'>Haushaltsplan</a>,Wirtschaft und Finanzen,Detaillierte Übersicht über den Berliner Haushaltsplan (Ausgaben und Einnahmen aufgegliedert nach Bereich),SenFin,
ja,,<a style='text-decoration: underline; line-height: 1.4;color: #222' href='https://daten.berlin.de/datensaetze/zuwendungsdatenbank' target='_blank'>Zuwendungen Datenbank</a>,Wirtschaft und Finanzen,"Daten zu Zuwendungen aus Landesmitteln (Geldgeber, Geldempfänger, höhe des Beitrags, usw.)",SenFin,
ja,,<a style='text-decoration: underline; line-height: 1.4;color: #222' href='https://daten.berlin.de/datensaetze/radverkehrsnetz-wfs' target='_blank'>Fahrradwege</a>,Verkehr,"Liniengeometrien aller Fahrradstraßen und -routen mit Art der Straße (abgetrennter Weg, markierter Streifen, usw.)",SenMVKU - Abteilung Mobilität,
begrenzt,"<span style=""font-size: 25px;"" title=""Daten zur Wohnlage werden auf dem Open Data Portal veröffentlicht"">&#9432;</span>",<a style='text-decoration: underline; line-height: 1.4;color: #222' href='https://daten.berlin.de/search/node/wohnlage' target='_blank'>Sozialindikatoren</a>,Bevölkerung und Gesellschaft,"Sozio-Ökonomische Indikatoren (Wohnlage, Einkommen, usw.) auf LOR-Ebene",Amt für Statistik Berlin-Brandenburg,geführt
begrenzt,"<span style=""font-size: 25px;"" title=""Daten zu Alter und Staatsangehörigkeit werden bis auf LOR-Ebene als Open Data veröffentlicht"">&#9432;</span>",<a style='text-decoration: underline; line-height: 1.4;color: #222' href='https://www.statistik-berlin-brandenburg.de/bevoelkerung/demografie' target='_blank'>Bevölkerungsstatistik</a>,Bevölkerung und Gesellschaft,"Allgemeine Bevölkerungsstatistik zu Berlin wie Alter, Einwohnerzahl, Staatsangehörigkeit, Religionszugehörigkeit, usw.",Amt für Statistik Berlin-Brandenburg,geführt
begrenzt,"<span style=""font-size: 25px;"" title=""Eine Standortliste an geförderten Kultureinrichtungen wird als eingeschränktmaschinenlesbares Open Data veröffentlicht "">&#9432;</span>",<a style='text-decoration: underline; line-height: 1.4;color: #222' href='https://daten.berlin.de/datensaetze/standorte-geförderter-kultureinrichtungen' target='_blank'>Museen und kulturelle Einrichtungen</a>,"Bildung, Kultur und Sport","Standorte, Öffnungszeiten und Beschreibung aller kulturellen Einrichtungen",SenKultGZ,ausstehend
begrenzt,"<span style=""font-size: 25px;"" title=""Datensätze zu Schuleingangsuntersuchungen liegen im GSI als nicht maschienlesbare PDF-Dokumente vor"">&#9432;</span>","<a style='text-decoration: underline; line-height: 1.4;color: #222' href='https://gsi-berlin.info/Search/Search/Query?seite=2&cbfest=Kategorie,Bereich,Thema,Unterthema&kategorie=Berichte&bereich=GBE&thema=Grundauswertungen&unterthema=Einschulungsuntersuchungen' target='_blank'>Schuleingangsuntersuchungen</a>","Bildung, Kultur und Sport",Der Datensatz enthält Daten der Schuleingangsuntersuchungen und der Check-Untersuchungen auf LOR Ebene,SenWGP - Abteilung Gesundheit,ausstehend
ja,,<a style='text-decoration: underline; line-height: 1.4;color: #222' href='https://daten.berlin.de/datensaetze/schulen-wfs' target='_blank'>Schulstandorte</a>,"Bildung, Kultur und Sport","Standortspezifische Daten wie Adresse, Anzahl von Schüler*innen, Anzahl von Lehrer*innen, Angebote, Informationen (z.B. Barrierefrei, Sprachen)",SenBJF,
begrenzt,"<span style=""font-size: 25px;"" title=""Eine Schüler- und Lehrkräftestatistik wird als eingeschränkt maschinenlesbare Excel auf dem Open Data Portal veröffentlicht"">&#9432;</span>",<a style='text-decoration: underline; line-height: 1.4;color: #222' href='https://daten.berlin.de/datensaetze/schüler-und-lehrkräftestatistik' target='_blank'>Schulstatistik</a>,"Bildung, Kultur und Sport","Zahl der Schülerinnen und Schüler, Zahl und Art der Klassen, Anzahl der Lehrerinnen und Lehrer oder der Ausbildungsberufe, usw.",SenBJF,ausstehend
ja,"<span style=""font-size: 25px;"" title=""https://daten.berlin.de/datensaetze/kitas-in-berlin"">&#9432;</span>",<a style='text-decoration: underline; line-height: 1.4;color: #222' href='geführt' target='_blank'>Kinderpflege</a>,"Bildung, Kultur und Sport","Einrichtungen, Standorte, Öffnungszeiten, Alter von Kindern und freie Betreuungsplätze von Kindertagesstätten sowie Daten zu Kindertagespflegestellen",SenBJF,
nein,"<span style=""font-size: 25px;"" title=""Das Gesundheits- und Sozialinformationssystem (GSI) wird derzeit neu entwickelt. Personenbezogene Daten und Standortdaten von Ärzt:innen befinden sich im Besitz der KV Berlin"">&#9432;</span>",Ärzte,Gesundheit,"Liste von Ärzt*innen in der Stadt, mit Angaben zur Fachrichtung und zum Standort",SenWGP,geführt
ja,,<a style='text-decoration: underline; line-height: 1.4;color: #222' href='https://daten.berlin.de/datensaetze?q=krankenhäuser&sort=score+desc%2C+metadata_modified+desc' target='_blank'>Krankenhäuser</a>,Gesundheit,"Standorte aller Krankenhäuser,inklusive Angaben zu Fachabteilungen",SenWGP - Abteilung Gesundheit,geführt
ja,,<a style='text-decoration: underline; line-height: 1.4;color: #222' href='https://daten.berlin.de/datensaetze/kriminalitatsatlas-berlin' target='_blank'>Kriminalitätsstatistik</a>,"Justiz, Rechtssystem und öffentliche Sicherheit","Allgemeine polizeiliche Kriminalstatistik wie Delikte, Tatverdächtige, Geschlecht, Alter, Jahre",SenInnSport - Abteilung Öffentliche Sicherheit und Ordnung Fachaufsicht über Polizei und Feuerwehr,
begrenzt,"<span style=""font-size: 25px;"" title=""Daten zum Wohnatlas werden auf dem Open Data Portal veröffentlicht"">&#9432;</span>",<a style='text-decoration: underline; line-height: 1.4;color: #222' href='https://daten.berlin.de/datensaetze/wohnatlas-berlin-angebotsmieten-2020-eurm²-monatlich-netto-kalt-wms' target='_blank'>Mietspiegel (Basisdaten)</a>,Stadtentwicklung und Wohnen,Daten zu ortsüblichen Vergleichsmiete,"SenSBW - Abteilung Wohnungswesen, Stadterneuerung, Städtebauförderung",ausstehend
ja,,<a style='text-decoration: underline; line-height: 1.4;color: #222' href='https://daten.berlin.de/datensaetze/geplante-bodennutzung-im-inspire-datenmodell-bebauungsplane-wfs-c208b00d' target='_blank'>Bebauungspläne</a>,Stadtentwicklung und Wohnen,"Informationen zu Aufstellungsbeschlüssen, Fluchtlinienplänen und rechtskräftigen Bebauungsplänen",SenSBW,
ja,"<span style=""font-size: 25px;"" title=""https://daten.berlin.de/datensaetze?q=eigentum&sort=score+desc%2C+metadata_modified+desc"">&#9432;</span>",<a style='text-decoration: underline; line-height: 1.4;color: #222' href='geführt' target='_blank'>Wohnungseigentum</a>,Stadtentwicklung und Wohnen,"Historische Daten zu Anzahl von Mietwohnungen und Eigentumswohnungen, aufgeschlüsselt nach Bezirk oder spezifischer",SenSBW,
begrenzt,"<span style=""font-size: 25px;"" title=""Der Energeiatlas Berlin veröffentlicht eine Vielzahl an Daten, die aber bislang nur eingeschränktals Open Data veröffentlicht werden"">&#9432;</span>",<a style='text-decoration: underline; line-height: 1.4;color: #222' href='https://daten.berlin.de/datensaetze/energieatlas-berlin' target='_blank'>Energieverbrauch</a>,Umwelt,"Energieverbrauch der Stadt, inklusive Angaben zu Heizung, Strom, Wasser",SenWEB,geführt
begrenzt,"<span style=""font-size: 25px;"" title=""Der Datensatz zur Wasseranalysedaten der Wasserwerke wurden seit 2018 nicht mehr aktualisiert"">&#9432;</span>",<a style='text-decoration: underline; line-height: 1.4;color: #222' href='https://daten.berlin.de/datensaetze/berliner-wasserbetriebe-wasseranalysedaten-der-wasserwerke' target='_blank'>Trinkwasseranalyse</a>,Umwelt,Ergebnisse der Trinkwasseranalysen,Berliner Wasserbetriebe,ausstehend
begrenzt,"<span style=""font-size: 25px;"" title=""Eine Anbindung des Datensatzes wird derzeit technisch geprüft"">&#9432;</span>",<a style='text-decoration: underline; line-height: 1.4;color: #222' href='https://viz.berlin.de/verkehr-in-berlin/verkehrslage/' target='_blank'>Straßenverkehr (Echtzeit)</a>,Verkehr,Echtzeitdaten zu der Straßenverkehrslage,SenMVKU - Abteilung Mobilität,geführt
ja,"<span style=""font-size: 25px;"" title=""Der Liegenschaftsplan stellt die räumliche Verteilung der Flurstücke dar, die sich im Eigentum des Landes Berlin, der Bundesrepublik Deutschland, anderer Bundesländer oder anderer Körperschaften des öffentlichen Rechts befinden"">&#9432;</span>",<a style='text-decoration: underline; line-height: 1.4;color: #222' href='https://daten.berlin.de/datensaetze/liegenschaftsplan-wfs-938c0c01' target='_blank'>Landesgrundbesitz (Vermögen)</a>,Wirtschaft und Finanzen,"Daten, möglichst georeferenziert, zu allen Grundstücke die Berlin gehören",SenSBW,
begrenzt,"<span style=""font-size: 25px;"" title=""Die IHK Berlin stellt seit Juli 2023 Gewerbedaten ihrer Mitgliedsunternehmen bereit. Eine Anbindung der Gewerbedatenbank Migewa an das Open Data Portal wird derzeit geprüft"">&#9432;</span>",<a style='text-decoration: underline; line-height: 1.4;color: #222' href='https://daten.berlin.de/datensaetze/gewerbedaten-der-ihk-berlin' target='_blank'>Gewerbemeldungen</a>,Wirtschaft und Finanzen,"Auflistung der Gewerbemeldungen (Anmeldung, Abmeldung, Ummeldung, Sonstige Änderung) ",SenWEB,geführt
begrenzt,"<span style=""font-size: 25px;"" title=""Eine Weiterentwicklung der Daten als Open Data wird derzeit  geprüft"">&#9432;</span>",<a style='text-decoration: underline; line-height: 1.4;color: #222' href='https://www.berlin.de/vergabeplattform/veroeffentlichungen/bekanntmachungen/' target='_blank'>Ausschreibungen und Vergaben</a>,Wirtschaft und Finanzen,"Daten über geplante und vergebene Aufträge, inklusive Eckdaten zum Auftragsgewinner und deren Angebot",SenSBW - Abteilung Hochbau,geführt
ja,"<span style=""font-size: 25px;"" title=""Daten zur Wirtschaftsleistung werden vom Statistischen Bundesamt herausgegeben"">&#9432;</span>",<a style='text-decoration: underline; line-height: 1.4;color: #222' href='https://daten.berlin.de/datensaetze/bruttoinlandsprodukt-bip-1991-bis-2023' target='_blank'>Wirtschaftsleistung</a>,Wirtschaft und Finanzen,"Bruttoinlandsprodukt, wirtschaftliche Kennzahlen",SenWEB,geführt
nein,"<span style=""font-size: 25px;"" title=""Laut der Antwort der Senatsverwaltung für Inneres und Sport auf die schriftliche Anfrage des Abgeordneten Antonín Brousek vom 17. Oktober 2023 liegen keine genauen Daten zur Anzahl der Defibrillatoren in öffentlichen Gebäuden und im öffentlichen Raum vor. Es gibt keine zentrale Registrierung, und die Bereitstellung von Defibrillatoren liegt in der Verantwortung von Betrieben und Organisationen. Die Berliner Feuerwehr hat jedoch 475 Defibrillatoren im Einsatzleitsystem"">&#9432;</span>",Defibrillatoren,Gesundheit,Standorte von Defibrillatoren,unbekannt,ausstehend
begrenzt,"<span style=""font-size: 25px;"" title=""Die Zuständigkeit in diesem Bereich liegt ausschließlich beim Bund, konkret beim Bundesministerium für Digitales und Verkehr (BMDV)"">&#9432;</span>",<a style='text-decoration: underline; line-height: 1.4;color: #222' href='https://maptool-dipul.dfs.de' target='_blank'>Flugverbotszonen</a>,"Justiz, Rechtssystem und öffentliche Sicherheit","Flächen von Flugverbotszonen, wo z.B. das Fliegen von Drohnen nicht erlaubt ist",BMDV,geführt
nein,"<span style=""font-size: 25px;"" title=""Dieser Datensatz wird bem Landesamt für Bürger- und Ordnungsangelegenheiten (LABO) vermutet"">&#9432;</span>",Bußgelder (Verkehr),"Justiz, Rechtssystem und öffentliche Sicherheit",Verwarn- und Bußgelder fließender und stehender Verkehr (statistische Zusammenfassung),Polizei Berlin,ausstehend
ja,,<a style='text-decoration: underline; line-height: 1.4;color: #222' href='https://www.berliner-feuerwehr.de/service/open-data/#c15579' target='_blank'>Feuerwehreinsätze</a>,"Justiz, Rechtssystem und öffentliche Sicherheit","Einzelne Einsätze (Rohdaten) oder Einsatzbilanz und ihre Reaktionszeit unterteilt in Art des Einsatzes (Brandeinsätze, Hilfeleistungseinsätze, Fehleinsätze, usw.)",SenInnSport - Abteilung Öffentliche Sicherheit und Ordnung Fachaufsicht über Polizei und Feuerwehr,geführt
nein,,Gesetzestexte,"Justiz, Rechtssystem und öffentliche Sicherheit",Bereitstellung von Gesetze als einfacher Volltext,SenJustV - Abteilung Justiz,ausstehend
nein,,Vermisste Personen / Polizei-Meldungen,"Justiz, Rechtssystem und öffentliche Sicherheit","Eine API mit aktuelle Daten zu vermissten Personen mit einer Beschreibung der Person, Datum der Meldung, usw.",SenInnSport - Abteilung Öffentliche Sicherheit und Ordnung Fachaufsicht über Polizei und Feuerwehr,geführt
nein,,Barrierefreiheit öffentlicher Gebäude,Regierung und öffentlicher Sektor,"Information zur Barrierefreiheit öffentlicher Gebäude: Standorte von Rampen, Aufzügen, etc.",SenInnSport - Abteilung ZS,ausstehend
nein,,Wartezeiten Ämter,Regierung und öffentlicher Sektor,Informationen zu den Wartezeiten und der Anzahl der wartenden Personen nach Ämtern,SenInnSport - Abteilung ZS,ausstehend
begrenzt,"<span style=""font-size: 25px;"" title=""Zusätzlich zum Abgeordnetenhaus gibt die Berliner Landeszentrale für politische Bildung eine Liste aller Mitglieder der Bezirsverodnetenversammlung heraus"">&#9432;</span>",<a style='text-decoration: underline; line-height: 1.4;color: #222' href='https://www.parlament-berlin.de/das-parlament/abgeordnete/alphabetische-suche' target='_blank'>Politische Mandatare</a>,Regierung und öffentlicher Sektor,"Liste von allen aktuellen politischen Mandataren mit Name, Partei, Alter, Geschlecht, Beruf, usw.","Abgeordnetenhaus Berlin/Berliner Landeszentrale
für politische Bildung",ausstehend
nein,,Vorhabenliste Bürgerbeteiligung,Regierung und öffentlicher Sektor,Liste aller geplanten Projekte wo eine Form Bürgerbeteiligung geplant ist,SenInnSport - Abteilung Staats- und Verwaltungsrecht,ausstehend
nein,"<span style=""font-size: 25px;"" title=""Informationen zu Wohnungsbaupotenzialflächen werden nicht maschinenlesbar im STEP Wohnen 2040 der SenSBW geführt"">&#9432;</span>",Wohnungsbaupotenzialflächen,Stadtentwicklung und Wohnen,Flächengeometrien und Informationen zu Potenzialflächen,SenSBW - Abteilung Stadtplanung,geführt
nein,,Wohnungsbauprojekte,Stadtentwicklung und Wohnen,Alle staatliche Bauprojekte mit Standorten und Planungsvorhaben,SenSBW - Abteilung Stadtplanung,ausstehend
nein,,Wohnungsbaugesellschaften,Stadtentwicklung und Wohnen,Auflistung der verschiedenen staatlich geförderten Wohnungsbaugesellschaften und ihren Besitzen,SenSBW - Abteilung Stadtplanung,ausstehend
begrenzt,"<span style=""font-size: 25px;"" title=""Daten zu Wohnungsverkäufen werden als Open Data veröffentlicht, Wohnungskäufe fehlen"">&#9432;</span>",<a style='text-decoration: underline; line-height: 1.4;color: #222' href='https://daten.berlin.de/tags/wohnungsverkäufe' target='_blank'>Wohnungsverkäufe</a>,Stadtentwicklung und Wohnen,Käufe- und Verkäufe von Grundstücken und Wohnungen,SenSBW,ausstehend
ja,,<a style='text-decoration: underline; line-height: 1.4;color: #222' href='https://daten.berlin.de/datensaetze/alkis-berlin-gebaude-linien-wfs-3d3c53c2' target='_blank'>Leerstehende Gebäude</a>,Stadtentwicklung und Wohnen,"Standorte von Gebäuden, die aktuell leer stehen und nicht benutzt werden",SenSBW,geführt
nein,,Freie WLAN-Hotspots,Stadtraum,Standorte von öffentlichen WLAN-Hotspots im gesamten Stadtgebiet,unbekannt,ausstehend
nein,"<span style=""font-size: 25px;"" title=""Eine Veröffentlichung des Kerndatensatzes wird derzeit geprüft"">&#9432;</span>",KFZ-Zulassungen,Verkehr,"Absoluter Bestand und monatlich neue Fahrzeugzulassungen jeder Art, inklusive Daten zu Antriebsarten, Automarke, Postleitzahl der Besitzer, usw. ",SenInnSport - LABO,ausstehend
nein,"<span style=""font-size: 25px;"" title=""Es liegen keine Informationen zu diesem Datensatz vor. "">&#9432;</span>","<a style='text-decoration: underline; line-height: 1.4;color: #222' href='https://viz.berlin.de/site/_masterportal/berlin/index.html?zoomlevel=3&layerIds=basemap_raster_farbe,Verkehrslage&visibility=true,true&transparency=40,0&lng=de#' target='_blank'>Parkhausbelegung (Echtzeit)</a>",Verkehr,Parkplatz-API in Echtzeit mit Ausgabe der Parkplatzbelegung in den Parkhäuser,SenMVKU - Abteilung Mobilität,geführt
ja,,<a style='text-decoration: underline; line-height: 1.4;color: #222' href='https://daten.berlin.de/datensaetze/73f7b89d-5357-44cb-b77c-06adfd384ba3' target='_blank'>Außerplanmäßige Aufwendungen</a>,Wirtschaft und Finanzen,Außerplanmäßige Aufwendungen aus dem Berliner Haushalt mit Zweck und Höhe des Betrags,SenFin,geführt
nein,"<span style=""font-size: 25px;"" title=""Das Projekt „Landesweiter Beteiligungshaushalt“ wird vom aktuellen Senat aufgrund veränderter Prioritätensetzung und angesichts der veränderten Haushaltslage nicht weiterverfolgt"">&#9432;</span>",Bürgerhaushalt,Wirtschaft und Finanzen,Vorschläge für Haushaltsplanung von den Bürgern sowie tatsächliche Umsetzungen,SenFin,geführt
begrenzt,"<span style=""font-size: 25px;"" title=""Der Zugang zu Informationen über Eigentumsverhältnisse von Grundstücken in Berlin ist nur eingeschränkt möglich. Es muss ein berechtigetes Interesse vorliegen, um Einsicht in das Grundbuch zu erhalten. Das zuständige Grundbuchamt entscheidet im Einzelfall, ob dies gewährt wird und welche Teile des Grundbuchs eingesehen werden können.https://service.berlin.de/dienstleistung/327196/"">&#9432;</span>",<a style='text-decoration: underline; line-height: 1.4;color: #222' href='https://daten.berlin.de/datensaetze?q=eigentum' target='_blank'>Grundbuch</a>,Wirtschaft und Finanzen,"Einträge in dem Grundbuch für Berlin, die die Eigentumsverhältnisse von Grundstücken in Berlin verzeichnen",SenSBW,ausstehend
nein,"<span style=""font-size: 25px;"" title=""Seit 01. Januar 2024 kann eine Anfrage an das zentrale Registerportal der Länder gestellt werden"">&#9432;</span>",<a style='text-decoration: underline; line-height: 1.4;color: #222' href='https://www.handelsregister.de/rp_web/welcome.xhtml' target='_blank'>Handelsregister</a>,Wirtschaft und Finanzen,Einträge von Berliner Unternehmen im Handelsregister,Amtsgericht Charlottenburg,ausstehend
nein,"<span style=""font-size: 25px;"" title=""Über die Berliner Kältehilfe wird verwaltungsintern bereits die Anzahl der zur Verfügung stehenden Plätze und deren Auslastung täglich ausgewertet. Eine Veröffentlichung über das Open Data Portal wird angestrebt"">&#9432;</span>",Anzahl Obdachlose,Bevölkerung und Gesellschaft,"Anzahl von Menschen, die im öffentlichen Raum, im Freien oder in Notunterkünften übernachten",SenASGIVA - Abteilung Soziales,geführt
begrenzt,"<span style=""font-size: 25px;"" title=""Eine allgemeine Bevölkerungsstatistik wird auf der Seite des AfS als Excel bereitgestellt"">&#9432;</span>",<a style='text-decoration: underline; line-height: 1.4;color: #222' href='https://www.statistik-berlin-brandenburg.de/kommunalstatistik/einwohnerbestand-berlin' target='_blank'>Einwohner*innen-Bewegungsdaten (Außen- und Binnenwanderung)</a>,Bevölkerung und Gesellschaft,"Einwohner*innen-Bewegungsdaten nach Jahr, Stadtteil, usw. gegliedert",Amt für Statistik Berlin-Brandenburg,geführt
begrenzt,"<span style=""font-size: 25px;"" title=""Eine erste Flüchtlingsstatistik wird derzeit über das Sozialinformationssystem bereitgestellt"">&#9432;</span>",<a style='text-decoration: underline; line-height: 1.4;color: #222' href='https://dashboards.sozial-informations-system.de/superset/dashboard/18/?native_filters_key=gg3dDw4jvSrJ7rPkvxNIu6loapFhnR5XZb0Vbeskl9i33mBfvHj7zCF7dMeEzkoQ' target='_blank'>Flüchtlingszahlen </a>,Bevölkerung und Gesellschaft,Ankunftszahlen nach Herkunftsländern,SenASGIVA - Landesamt für Flüchtlingsangelegenheiten (LAF),geführt
begrenzt,"<span style=""font-size: 25px;"" title=""Über das Sozialinformationssystem sollen perspektivisch Daten zu diesem Kerndatensatz veröffentlicht werden"">&#9432;</span>",Soziale Einrichtungen,Bevölkerung und Gesellschaft,"Angebote wie kostenfreie Übernachtungsangebote für Wohnungslose, Behindertenwohnheime, Einrichtungen für Senior*innen, Beratungsstellen, Einrichtungen für Stadtteilarbeit, usw.",SenASGIVA - Abteilung Soziales,geführt
begrenzt,"<span style=""font-size: 25px;"" title=""Eine allgemeine Statistik zu Menschen mit Behinderung wird auf der Seite des AfS als Excel bereitgestellt"">&#9432;</span>",<a style='text-decoration: underline; line-height: 1.4;color: #222' href='https://www.statistik-berlin-brandenburg.de/menschen-mit-behinderung-eingliederungshilfe' target='_blank'>Menschen mit Behinderung</a>,Bevölkerung und Gesellschaft,"Anzahl Menschen mit Behinderung nach Behinderungsgrad, Art der Behinderung, Geschlecht und Alter",Amt für Statistik Berlin-Brandenburg,geführt
begrenzt,"<span style=""font-size: 25px;"" title=""Eine allgemeine Statistik zu Arbeitslosigkeit wird auf der Seite des AfS als Excel bereitgestellt"">&#9432;</span>",<a style='text-decoration: underline; line-height: 1.4;color: #222' href='https://www.statistik-berlin-brandenburg.de/search-results?q=Arbeitslosigkeit' target='_blank'>Arbeitslosenzahlen</a>,Bevölkerung und Gesellschaft,"Statistische Informationen zu der Arbeitslosenquote (SGB, SGB II, SGB III)",Amt für Statistik Berlin-Brandenburg,geführt
begrenzt,"<span style=""font-size: 25px;"" title=""Eine allgemeine Statistik zu Asylbewerberleistungen wird auf der Seite des AfS als Excel bereitgestellt"">&#9432;</span>",<a style='text-decoration: underline; line-height: 1.4;color: #222' href='https://www.statistik-berlin-brandenburg.de/asylbewerberleistungen' target='_blank'>Asylwerber*innen</a>,Bevölkerung und Gesellschaft,Anzahl und Herkunftsländer von Asylbewerber*innen sowie Höhe von Leistungen,Amt für Statistik Berlin-Brandenburg,geführt
begrenzt,"<span style=""font-size: 25px;"" title=""Eine allgemeine Statistik zu Geburten, Sterbefällen und Eheschließungen wird auf der Seite des AfS als Excel bereitgestellt"">&#9432;</span>",<a style='text-decoration: underline; line-height: 1.4;color: #222' href='https://www.statistik-berlin-brandenburg.de/bevoelkerung/demografie/geburten-sterbefaelle-eheschliessungen' target='_blank'>Geburten und Sterbefälle</a>,Bevölkerung und Gesellschaft,"Anzahl Geburten und Sterbefälle nach Geschlecht und Alter (Sterbefälle), aufgeschlüsselt nach Bezirk oder detaillierter",Amt für Statistik Berlin-Brandenburg,geführt
begrenzt,"<span style=""font-size: 25px;"" title=""Eine allgemeine Statistik zu Lebensformen wird auf der Seite des AfS als Excel veröffentlicht"">&#9432;</span>",<a style='text-decoration: underline; line-height: 1.4;color: #222' href='https://www.statistik-berlin-brandenburg.de/bevoelkerung/demografie/mikrozensus' target='_blank'>Lebensformen</a>,Bevölkerung und Gesellschaft,"Lebensformen (wie Ehepaar ohne Kinder, Alleinstehende, Alleinerziehende mit Kinder, usw.), aufgeteilt in LOR, Stadtbezirke und die gesamte Stadt.",Amt für Statistik Berlin-Brandenburg,geführt
begrenzt,"<span style=""font-size: 25px;"" title=""Eine allgemeine Hochschulstatistik wird auf der Seite des AfS als Excel bereitgestellt"">&#9432;</span>",<a style='text-decoration: underline; line-height: 1.4;color: #222' href='https://www.statistik-berlin-brandenburg.de/hochschulen' target='_blank'>Hochschulstatistik</a>,"Bildung, Kultur und Sport",Studierendenzahl nach Universtät und Studiengang,Amt für Statistik Berlin-Brandenburg,geführt
ja,,<a style='text-decoration: underline; line-height: 1.4;color: #222' href='https://daten.berlin.de/datensaetze/breitband-ausbau-der-berliner-schulen-1430033' target='_blank'>Internetanbindung von Schulen</a>,"Bildung, Kultur und Sport",Die Bandbreitenübersicht für Schulen soll einen Überblick über die Internetanbindung der öffentlichen Schulen ermöglichen,SenBJF - Stabsstelle „Schule in der digitalen Welt“,geführt
nein,"<span style=""font-size: 25px;"" title=""Eine Veröffentlichung des Kerndatensatzes wird angestrebt"">&#9432;</span>",Sportstätten,"Bildung, Kultur und Sport",Standorte von Sportanlagen sowie Belegungspläne,SenInnSport - Abteilung Sport,geführt
nein,"<span style=""font-size: 25px;"" title=""Eine Veröffentlichung des Kerndatensatzes wird derzeit geprüft"">&#9432;</span>",Lebensmittelkontrollen,Gesundheit,"Datum und Ergebnisse der Lebensmittelkontrollen (Hygienebedingungen, Lagerbedingungen und die Einhaltung von Kennzeichnungsvorgaben)",SenJustV - Abteilung Verbraucherschutz,geführt
begrenzt,"<span style=""font-size: 25px;"" title=""Die Darstellung der Standorte des Betreibers Nextbike erfolgt derzeit ausschließlich über die Digitale Plattform Stadtverkehr. "">&#9432;</span>","<a style='text-decoration: underline; line-height: 1.4;color: #222' href='https://viz.berlin.de/site/_masterportal/berlin/index.html?zoomlevel=3&layerIds=basemap_raster_farbe,Verkehrslage&visibility=true,true&transparency=40,0&lng=de' target='_blank'>Leihfahrräder</a>",Verkehr,Echtzeitdaten der Standorte aller Leihfahrräder,SenMVKU - Abteilung Mobilität,geführt